creationDate|deletionDate|explicitlyDeleted|id|locationIP|browserUsed|content|length|creator|place|replyOfPost|replyOfComment
2011-10-10T11:08:01.000+00:00|2015-01-01T00:00:00.000+00:00|false|1|127.0.0.1|Lynx|Yes, I like the Pyrenees|24|3|0|10|
2011-10-10T11:07:42.000+00:00|2015-01-01T00:00:00.000+00:00|false|2|127.0.0.1|Lynx|We should go to a place with better options for snowboard|57|1|0|10|
2011-10-10T11:20:37.000+00:00|2015-01-01T00:00:00.000+00:00|false|3|127.0.0.1|Lynx|Hautacam is great for snowboarding|34|3|0||2
2012-02-15T09:47:23.000+00:00|2015-01-01T00:00:00.000+00:00|true|4|127.0.0.1|Lynx|It was a great place for snowboarding. Glad we went there!|58|1|0||3
2012-02-15T10:24:26.000+00:00|2015-01-01T00:00:00.000+00:00|false|5|127.0.0.1|Lynx|It was great!|13|0|4||4
2012-03-04T10:24:26.000+00:00|2015-01-01T00:00:00.000+00:00|false|6|127.0.0.1|Lynx|Merci, j'adore les films de snowboard|37|1|0|20|
