creationDate|deletionDate|explicitlyDeleted|id|locationIP|browserUsed|content|length|creator|country|replyOfPost|replyOfComment
2010-10-10T11:08:01.000+00:00|2013-06-08T00:00:00.000+00:00|false|1|127.0.0.1|Lynx|Yes, I like the Pyrenees|24|3|3|10|
2010-10-10T11:07:42.000+00:00|2013-06-08T00:00:00.000+00:00|false|2|127.0.0.1|Lynx|We should go to a place with better options for snowboard|57|1|3|10|
2010-10-10T11:20:37.000+00:00|2012-11-30T00:00:00.000+00:00|false|3|127.0.0.1|Lynx|Hautacam is great for snowboarding|34|3|3||2
2010-12-15T09:47:23.000+00:00|2012-07-17T00:00:00.000+00:00|true|4|127.0.0.1|Lynx|It was a great place for snowboarding. Glad we went there!|58|1|3||3
2010-12-15T10:24:26.000+00:00|2012-07-17T00:00:00.000+00:00|false|5|127.0.0.1|Lynx|It was great!|13|4|3||4
2012-03-04T10:24:26.000+00:00|2015-01-01T00:00:00.000+00:00|false|6|127.0.0.1|Lynx|Merci, j'adore les films de snowboard|37|1|3|20|
