creationdate|id|locationip|browserused|content|length
2010-10-10T11:08:01.000+00:00|1|127.0.0.1|Lynx|Yes, I like the Pyrenees|24
2010-10-10T11:07:42.000+00:00|2|127.0.0.1|Lynx|We should go to a place with better options for snowboard|57
2010-10-10T11:20:37.000+00:00|3|127.0.0.1|Lynx|Hautacam is great for snowboarding|34
2010-12-15T09:47:23.000+00:00|4|127.0.0.1|Lynx|It was a great place for snowboarding. Glad we went there!|58
2010-12-15T10:24:26.000+00:00|5|127.0.0.1|Lynx|I enjoyed it very much!|13
