creationdate|id|locationip|browserused|content|length|hascreator_person|islocatedin_place|replyof_post|replyof_comment
2011-10-10T11:08:01.000+00:00|1|127.0.0.1|Lynx|Yes, I like the Pyrenees|24|3|3|10|
2011-10-10T11:07:42.000+00:00|2|127.0.0.1|Lynx|We should go to a place with better options for snowboard|57|1|3|10|
2011-10-10T11:20:37.000+00:00|3|127.0.0.1|Lynx|Hautacam is great for snowboarding|34|3|3||2
2012-02-15T09:47:23.000+00:00|4|127.0.0.1|Lynx|It was a great place for snowboarding. Glad we went there!|58|1|3||3
2012-02-15T10:24:26.000+00:00|5|127.0.0.1|Lynx|It was great!|13|3|4||4
2012-03-04T10:24:26.000+00:00|6|127.0.0.1|Lynx|Merci, j'adore les films de snowboard|37|1|3|20|
