creationdate|id|locationip|browserused|content|length|hascreator_person|islocatedin_place|replyof_post|replyof_comment
2011-10-10 11:08:01|1|127.0.0.1|Lynx|Yes, I like the Pyrenees|24|3|0|10|
2011-10-10 11:07:42|2|127.0.0.1|Lynx|We should go to a place with better options for snowboard|57|1|0|10|
2011-10-10 11:20:37|3|127.0.0.1|Lynx|Hautacam is great for snowboarding|34|3|0||2
2012-02-15 09:47:23|4|127.0.0.1|Lynx|It was a great place for snowboarding. Glad we went there!|58|1|0||3
2012-02-15 10:24:26|5|127.0.0.1|Lynx|It was great!|13|0|4||4
2012-03-04 10:24:26|6|127.0.0.1|Lynx|Merci, j'adore les films de snowboard|37|1|0|20|
